,Daily Volatility,Annual Volatility,Sharpe Ratio,Beta (vs BTC)
BTC,0.04225627344687873,0.6707975452366995,-0.010584910003701275,1.0
ETH,0.028460616719739023,0.451798283999738,0.021580701196208755,0.4858991600457871
SOL,0.04787947373648827,0.760063082468379,0.011467881840127469,0.7535649629232722
ADA,0.03565017061619889,0.5659289138849074,-0.003157582169910125,0.6184286840667431
DOGE,0.05345397269393735,0.8485555100195734,0.0009987046475763287,0.8846144147468429
